scope,bracket,n_break,break_rate,trade_net,trade_win,tp_hit,sl_hit,trade_sharpe,trade_maxdd,port_eq_net,port_eq_sharpe,port_eq_maxdd,port_pw_sharpe,port_pw_maxdd
OVERALL,TP2/SL-2%,32172,76.74069126732343,-0.15445507627117724,55.55762775083923,51.976874300634094,42.282108665920674,-2.4758359808517216,-95.50733829123368,-0.11852989322797308,-2.019202304112221,-81.71616722784418,-2.0154177836306446,-81.43942187055765
OVERALL,TP2/SL-3%,32172,76.74069126732343,-0.06703408646031683,65.27104314310581,61.23337063284844,30.79696630610469,-1.6543151708741146,-93.8184173069348,-0.05144242133438246,-1.1420004052604011,-73.64278461493268,-1.1468182345734765,-73.48163873726874
OVERALL,TP2/ORB-low,32172,76.74069126732343,-0.08718606178092692,61.053089643167965,58.327116747482286,37.405197065771475,-2.204560168353352,-96.55352995797132,-0.06690718649943903,-1.7332083213079938,-83.62641191172958,-1.71749065604757,-83.4756847926328
OVERALL,TP2/2x-range,32172,76.74069126732343,0.017222213240927375,70.08578888474449,66.60760910108169,24.440507273405444,-1.336929368927005,-92.64833390812322,0.013216445492620178,-0.7556718255032154,-66.17939103193929,-0.7433319874390131,-65.54652879436898
OVERALL,TP3/SL-2%,32172,76.74069126732343,-0.0472382548750469,47.8987939823449,42.05831157528285,49.2384682332463,-1.350874227552093,-88.78977956743445,-0.036250963333731165,-0.7569407901467557,-59.27124943543893,-0.7484025442006053,-58.574971914226936
OVERALL,TP3/SL-3%,32172,76.74069126732343,0.05891411648010014,57.515852293920176,50.47246052467984,36.92962824816611,-0.8188776394141842,-85.01411867477245,0.045211100240864936,-0.18291560406776164,-39.25120609106195,-0.18453506997507027,-39.1424787271631
OVERALL,TP3/ORB-low,32172,76.74069126732343,0.04281370652128452,53.68954370259853,48.912097476066144,43.67773218948154,-1.226939073540684,-91.18513920906065,0.032855534341596805,-0.6368689330192714,-62.23507613362278,-0.6317272589231103,-61.8719371589215
OVERALL,TP3/2x-range,32172,76.74069126732343,0.16656382302795636,62.84657466119607,56.25699365908243,28.81698371254507,-0.5475030772526485,-80.04574396662125,0.12782222919293498,0.09516665577135798,-38.28250454252928,0.1032507379260807,-38.81727150214472
regime=bear_trend,TP2/SL-2%,7859,81.67740594471005,-0.08547284780074588,56.432116045298386,55.846799847308816,42.4735971497646,-1.34970368511698,-91.69092994564201,-0.06981200487071938,-0.9387723758986776,-77.67543019024143,-0.9365675157805905,-77.61104029354368
regime=bear_trend,TP2/SL-3%,7859,81.67740594471005,0.017978915586850275,66.6624252449421,65.87352080417355,30.996309963099634,-1.0094872709651532,-91.60433686933781,0.014684711868328372,-0.5858776010403521,-73.20518697334946,-0.5830959328917485,-73.08473258742532
regime=bear_trend,TP2/ORB-low,7859,81.67740594471005,0.032922225766443214,65.77172668278408,65.25003181066293,33.27395342918946,-1.2509430818161784,-94.33173198108929,0.02689001998529172,-0.8097567349231723,-79.51375723538081,-0.8065801004828294,-79.41337988357829
regime=bear_trend,TP2/2x-range,7859,81.67740594471005,0.1472587878792339,74.72960936505916,73.88980786359588,21.325868431098105,-0.7980207513543731,-91.22376630840492,0.12027715796538144,-0.34200667658247635,-66.9345885696263,-0.3357464921943882,-66.3958709305125
regime=bear_trend,TP3/SL-2%,7859,81.67740594471005,0.05357202190381588,48.30131059931289,46.60898333121262,50.0445349281079,-0.9755334027434083,-90.69018327421243,0.04375623780316861,-0.564331884502513,-72.55567086796316,-0.5636593174349446,-72.52821964425542
regime=bear_trend,TP3/SL-3%,7859,81.67740594471005,0.17683525069891448,58.442549942740804,56.07583662043517,38.00738007380074,-0.721836693605847,-90.94194949839162,0.144434445566698,-0.2742306081839534,-68.37173491157529,-0.27449394177411685,-68.28737654391861
regime=bear_trend,TP3/ORB-low,7859,81.67740594471005,0.20037442895050284,57.90813080544599,56.304873393561515,40.24685074436951,-0.934600700823327,-93.44392098556955,0.16366063574329676,-0.4711988375524473,-72.8866724925177,-0.4711962386239777,-72.79437731904788
regime=bear_trend,TP3/2x-range,7859,81.67740594471005,0.35381356045811296,67.47677821605802,64.89375238579971,25.970225219493575,-0.4595765458782668,-88.11780917627927,0.288985738062805,0.027488372656887566,-56.87036388193354,0.028842255120241463,-56.57837724296626
regime=bull_trend,TP2/SL-2%,24313,75.27011547630104,-0.17675307872044796,55.274955784971006,50.725949080738694,42.220211409533995,-2.172139796400851,-94.4312062301367,-0.13304224646079854,-1.8335722719724858,-80.81244276061183,-1.8272499439968661,-80.5050385823011
regime=bull_trend,TP2/SL-3%,24313,75.27011547630104,-0.09451391959850164,64.82128902233373,59.73347591823305,30.732529922263808,-1.4763748512459214,-92.85320769946097,-0.07114073642297054,-1.0691574119568386,-73.86793917574347,-1.0737059823071693,-73.77650089271029
regime=bull_trend,TP2/ORB-low,24313,75.27011547630104,-0.12601019010054118,59.527824620573355,56.08933492370337,38.74059145313207,-2.0659779113792607,-96.15625721681432,-0.09484801560058383,-1.7298153038903143,-85.10926686733148,-1.7070962047432476,-84.94892638443578
regime=bull_trend,TP2/2x-range,24313,75.27011547630104,-0.024811161500258472,68.58470776950602,64.25369144079299,25.44729157240982,-1.3202998256478924,-92.90549318432633,-0.018675389912256087,-0.8460259708251645,-69.9644025033526,-0.8315325812060681,-69.29839232636479
regime=bull_trend,TP3/SL-2%,24313,75.27011547630104,-0.0798244419027721,47.768683420392385,40.58734010611607,48.97791305063135,-1.0881343765524598,-85.2038392615769,-0.06008394959852945,-0.6600019271941082,-56.72280710891169,-0.6516641709257589,-56.069019636933646
regime=bull_trend,TP3/SL-3%,24313,75.27011547630104,0.02079696952885346,57.21630403487846,48.66121005223543,36.58125282770534,-0.6591264419863802,-80.92767172866672,0.01565390297993909,-0.15690518401737,-36.460443505970375,-0.15836764775560055,-36.520073780709005
regime=bull_trend,TP3/ORB-low,24313,75.27011547630104,-0.00811664833295922,52.325916176531074,46.52243655657467,44.786739604326904,-1.0984254604069776,-89.31082176824128,-0.006109410573023684,-0.694967460731221,-64.87590387867533,-0.6865207508472931,-64.56274033540421
regime=bull_trend,TP3/2x-range,24313,75.27011547630104,0.10603671051762864,61.349895117838194,53.465224365565746,29.737177641590918,-0.5551218783107472,-79.58092264057724,0.07981395445389007,-0.026040463453587313,-41.73114857607543,-0.015291953697403349,-42.40372331275234
"bucket=[0.65,0.70)",TP2/SL-2%,26563,77.553940030948,-0.16636721021974377,55.054022512517406,51.61314610548507,42.48767082031397,-2.37299272907912,-95.5909543259785,-0.12902432644498132,-1.8779003415793896,-82.53462149145851,-1.8781753186951022,-82.52549338493051
"bucket=[0.65,0.70)",TP2/SL-3%,26563,77.553940030948,-0.07758227634186216,64.77807476565147,60.83273726612205,30.783420547377933,-1.539554581405528,-93.2816543142095,-0.06016811206881215,-1.0123739903272675,-73.01101492166649,-1.0147128348645758,-73.06669074851078
"bucket=[0.65,0.70)",TP2/ORB-low,26563,77.553940030948,-0.12000050226988401,59.289236908481726,56.78951925610812,39.1070285735798,-2.1843966595254884,-96.62767683210886,-0.09306511756722227,-1.7259712454467846,-85.03402587371394,-1.7271679482491074,-85.07847160198887
"bucket=[0.65,0.70)",TP2/2x-range,26563,77.553940030948,-0.014876794131669868,68.65941346986409,65.2975943982231,25.652223016978503,-1.3090113186424104,-93.0025703015764,-0.011537539999402845,-0.7531721075826925,-68.13601166952672,-0.7533924940487136,-68.16852855189543
"bucket=[0.65,0.70)",TP3/SL-2%,26563,77.553940030948,-0.06913233999626262,47.32899145427851,41.35451567970485,49.42965779467681,-1.3385374707368993,-89.8190544074573,-0.053614853502692655,-0.712231071222323,-61.20831521756494,-0.7116733254061574,-61.14333114586348
"bucket=[0.65,0.70)",TP3/SL-3%,26563,77.553940030948,0.03521170514705507,56.90998757670444,49.61412491058992,36.87836464254791,-0.7813525947334944,-85.104484867982,0.027308064693621303,-0.11508800830987839,-38.09331355354081,-0.11720494956423713,-38.25537768988042
"bucket=[0.65,0.70)",TP3/ORB-low,26563,77.553940030948,-0.006489098855071762,51.85408274667771,47.099348718141776,45.45420321499831,-1.231343340417997,-92.07170522173861,-0.005032551834611332,-0.6409180636087126,-65.48536287212221,-0.6434477466665376,-65.60590866789153
"bucket=[0.65,0.70)",TP3/2x-range,26563,77.553940030948,0.11912765509974055,61.31837518352595,54.56838459511351,30.173549674359073,-0.5772420662885054,-82.84709314045438,0.09238819019632735,0.0796552069565673,-34.49090145404893,0.07847783680952794,-34.68621831327721
"bucket=[0.70,0.75)",TP2/SL-2%,4897,79.8076923076923,-0.1209107210411843,57.13702266693894,53.338778844190315,42.04615070451297,-1.3687519934945542,-92.19711230602614,-0.0964960562155606,-1.0318151331239385,-81.13419254572693,-1.028631430260222,-81.03486451164376
"bucket=[0.70,0.75)",TP2/SL-3%,4897,79.8076923076923,-0.03660334656611597,67.00020420665713,62.95691239534409,31.366142536246684,-1.2001830423491437,-94.02449385883033,-0.029212286201804112,-0.875943684879564,-83.3026561610832,-0.8740872238980172,-83.22195919622801
"bucket=[0.70,0.75)",TP2/ORB-low,4897,79.8076923076923,0.047397316591657135,68.24586481519297,64.9172963038595,30.549315907698592,-1.0194419227507687,-93.38892098905835,0.037826704587572514,-0.7015225886088169,-80.47505613092592,-0.6993758214602225,-80.36215250424449
"bucket=[0.70,0.75)",TP2/2x-range,4897,79.8076923076923,0.14381519270944848,76.06697978354094,72.55462528078415,19.399632428017153,-0.7674377462766605,-92.64907229220796,0.11477558648927139,-0.4454273496464492,-75.04229253707348,-0.4433483415526743,-74.87463572591635
"bucket=[0.70,0.75)",TP3/SL-2%,4897,79.8076923076923,0.029364948605293928,49.76516234429242,45.0275678987135,49.07085971002655,-0.7012807184104672,-82.1642577805943,0.02343548782922493,-0.402105505426008,-58.22751355804752,-0.3986026678550035,-57.95580869598229
"bucket=[0.70,0.75)",TP3/SL-3%,4897,79.8076923076923,0.14186694633117058,59.62834388401062,54.176026138452116,37.73739023892178,-0.6668771001632634,-87.54734149149874,0.11322073601429955,-0.3609577086433017,-65.02554426026619,-0.35811614849916573,-64.78423135875452
"bucket=[0.70,0.75)",TP3/ORB-low,4897,79.8076923076923,0.2429764733478622,61.057790483969775,56.64692668981009,36.57341229324076,-0.4996062145297584,-84.50453799092095,0.19391391622954393,-0.20790650330920973,-55.848300252391226,-0.20625346471806427,-55.75802777273502
"bucket=[0.70,0.75)",TP3/2x-range,4897,79.8076923076923,0.35367134210839546,69.06269144374106,63.69205636103737,23.095772922197263,-0.2947061658315066,-80.83673425490923,0.28225693649035405,0.020263369485924023,-55.89164482012503,0.02343619618421691,-55.85055293216301
"bucket=[0.75,0.85)",TP2/SL-2%,690,52.75229357798165,0.060700423491912237,63.6231884057971,56.086956521739125,36.08695652173913,-0.07698268382122639,-25.792831948932438,0.03202086560353168,-0.0832881599202074,-24.927123248336013,-0.08562547689545143,-24.935172178682517
"bucket=[0.75,0.85)",TP2/SL-3%,690,52.75229357798165,0.1262956014519408,72.02898550724638,64.34782608695652,27.10144927536232,-0.05912930239743014,-35.03500669543198,0.0666238264540054,-0.04676268796198538,-34.3136908895526,-0.048682651937699384,-34.38795925535848
"bucket=[0.75,0.85)",TP2/ORB-low,690,52.75229357798165,0.22798611641652944,77.39130434782608,70.14492753623188,21.15942028985507,0.04357283667852735,-42.44631121189477,0.1202679054490866,-0.09701849545736348,-41.54218596623108,-0.09922661114786512,-41.558890584454524
"bucket=[0.75,0.85)",TP2/2x-range,690,52.75229357798165,0.34372804931703527,82.17391304347827,74.34782608695653,13.91304347826087,0.439986872907842,-50.960615514898876,0.181324429685592,0.2025307283815757,-47.19173592712167,0.20121376442584257,-47.301360460455264
"bucket=[0.75,0.85)",TP3/SL-2%,690,52.75229357798165,0.23117834516027613,56.231884057971016,47.53623188405797,43.333333333333336,0.5005111466697099,-34.829605289847024,0.12195187932766853,0.2694272968734734,-34.798799179196635,0.26740754641013953,-34.75692194720775
"bucket=[0.75,0.85)",TP3/SL-3%,690,52.75229357798165,0.3696144860765439,65.65217391304347,56.811594202898554,33.18840579710145,0.549885998094287,-43.98591798575649,0.19498011880184649,0.31846194541758865,-43.815277886876125,0.3159708841137217,-43.77602519323146
"bucket=[0.75,0.85)",TP3/ORB-low,690,52.75229357798165,0.506823806671531,71.30434782608695,62.89855072463768,26.521739130434785,0.6040183082681507,-47.335471820109696,0.26736118241846824,0.27584568809254906,-47.456247981034394,0.27362106048000107,-47.39364091057288
"bucket=[0.75,0.85)",TP3/2x-range,690,52.75229357798165,0.6335012984994444,76.95652173913044,67.82608695652173,17.681159420289855,0.7967434200468758,-54.91970438785746,0.33418646480475284,0.40795863489596673,-49.32785570389244,0.40611388494769757,-49.39795089056804
"bucket=[0.85,1.01)",TP2/SL-2%,22,9.649122807017545,0.013636363636362947,59.09090909090909,59.09090909090909,40.909090909090914,0.049224759248538995,-11.86653016807675,0.0013157894736841337,0.13423227237683055,-8.64662539210923,0.13667900109766326,-8.61491575509823
"bucket=[0.85,1.01)",TP2/SL-3%,22,9.649122807017545,-0.16818181818181807,63.63636363636363,63.63636363636363,36.36363636363637,-0.4964070910049533,-17.145035959883348,-0.016228070175438602,-0.016728979772906757,-12.762176198297404,-0.014009143033607658,-12.718789616352344
"bucket=[0.85,1.01)",TP2/ORB-low,22,9.649122807017545,-0.30871443171828816,77.27272727272727,77.27272727272727,18.181818181818183,-0.5337037515331962,-26.15924629744888,-0.02978823463948397,-0.024375713720299876,-19.714362920427952,-0.02022922240182057,-19.60729135775241
"bucket=[0.85,1.01)",TP2/2x-range,22,9.649122807017545,0.3549988263517727,81.81818181818183,81.81818181818183,13.636363636363635,0.7574776874097999,-15.818556271137663,0.03425427271815349,0.6984201521483315,-9.005191757186747,0.7137968565374894,-8.84380971005937
"bucket=[0.85,1.01)",TP3/SL-2%,22,9.649122807017545,0.6045454545454539,59.09090909090909,59.09090909090909,40.909090909090914,1.7458381280149537,-10.999501443709569,0.05833333333333326,0.6696947524256186,-7.747920280373977,0.6718254865346022,-7.715898694154777
"bucket=[0.85,1.01)",TP3/SL-3%,22,9.649122807017545,0.46818181818181825,63.63636363636363,63.63636363636363,36.36363636363637,1.1515750084123917,-16.329935477442437,0.045175438596491216,0.5262710690508096,-11.903958551453309,0.5288425762210962,-11.860145146272139
"bucket=[0.85,1.01)",TP3/ORB-low,22,9.649122807017545,0.46401284100898443,77.27272727272727,77.27272727272727,18.181818181818183,0.7353837826116045,-24.699256833739657,0.04477316886928797,0.4300012950074091,-19.4160545138086,0.43484499263777365,-19.291578868802883
"bucket=[0.85,1.01)",TP3/2x-range,22,9.649122807017545,1.148134262344351,81.81818181818183,77.27272727272727,13.636363636363635,2.2369608977134443,-15.35623604893569,0.11078488496305139,1.1899253214237835,-9.005191757186736,1.2040446909816198,-8.84380971005937
